id,種類,名前,タグ,効果,最大レベル,出現の重み,専用ジョブ
U01,強化,力の石,なし,攻撃+10%,5,10,
U02,強化,疾風の指輪,速さ,攻撃間隔-8%,5,10,
U03,強化,軽い靴,速さ,移動+8%,4,8,
U04,強化,鷹の目,会心,会心率+6%,5,8,
U05,強化,狩人の勘,会心,会心ダメージ+20%,3,5,
U06,強化,赤い牙,吸血,与えたダメージの1.5%回復,4,6,
U07,強化,命の実,守り,最大HP+15（その分回復）,5,7,
U08,強化,鉄の皮,守り,受けるダメージ-6%,4,6,
U09,強化,大きな手,広がり,範囲+10%,5,7,
U10,強化,ため石,ため,ため時間-10%,3,5,
U11,強化,磁石の指輪,幸運,拾う範囲+25%,3,6,
U12,強化,四つ葉,幸運,ドロップ率+15%,3,4,
U13,強化,風のマント,速さ,ダッシュの待ち時間-15%,3,5,
U14,強化,薬びん,なし,HP40%回復（HPが50%以下のときだけ出る）,99,9,
SK_C1,スキル,炎の輪,炎,火の玉2個が半径1.8でまわる（0.5秒ごとにダメ6）。レベルごとにダメ+20%・Lv3とLv5で玉+1,5,10,共通
SK_C2,スキル,投げナイフ,速さ,進む向きへ0.7秒ごとに投げる（ダメ7）。Lv2とLv4で本数+1・間隔-10%,5,10,共通
SK_C3,スキル,氷の結晶,氷,3秒ごとに近くの敵3体を1秒凍らせる（ダメ5）。レベルごとに体数+1・凍る時間+0.2秒,5,10,共通
SK_C4,スキル,毒の足あと,毒,歩いたあとに毒だまり（3秒・毎秒4）。レベルごとにダメ+25%・長さ+0.5秒,5,10,共通
SK_C5,スキル,雷の柱,雷,4秒ごとに画面内のどこかへ3本（ダメ15・半径1）。レベルごとに本数+1・ダメ+15%,5,10,共通
SK_C6,スキル,守りの泡,守り,10秒ごとに攻撃を1回防ぐ泡。レベルごとに間隔-1.5秒・Lv5で割れるときに衝撃波（ダメ20）,5,10,共通
SK_R1,スキル,魔力の矢,速さ,一番近い敵へ0.6秒ごと（ダメ6）。レベルごとにダメ+15%・Lv3とLv5で+1本。連射の魔法使いは最初から持つ,5,10,連射
SK_R2,スキル,三連星,広がり,3方向へ星の弾を1.2秒ごと（ダメ7）。レベルごとに方向+1・ダメ+10%,5,10,連射
SK_R3,スキル,跳ねる火花,炎,敵で2回はねる火花を1.0秒ごと（ダメ6＋燃やす）。レベルごとにはねる回数+1,5,10,連射
SK_R4,スキル,追尾ほたる,会心,追いかける光3つを2秒ごと（ダメ8・会心率+10%）。レベルごとに数+1,5,10,連射
SK_R5,スキル,氷の針,氷,つらぬく針を前へ5本・1.5秒ごと（ダメ5・遅くする）。レベルごとに本数+2,5,10,連射
SK_R6,スキル,雷の連弾,雷,当たると2体に連鎖する弾を0.9秒ごと（ダメ6）。レベルごとに連鎖+1,5,10,連射
SK_A1,スキル,火柱,炎,敵が多い場所に3秒ごとに火柱（半径1.5・ダメ18）。レベルごとにダメ+20%・半径+10%。範囲の魔法使いは最初から持つ,5,10,範囲
SK_A2,スキル,吹雪,氷,自分のまわり半径2.5に毎秒ダメ4＋20%遅くする。レベルごとに半径+0.3・ダメ+1,5,10,範囲
SK_A3,スキル,隕石,広がり,8秒ごとに大爆発（半径3・ダメ40）。レベルごとに間隔-1秒・ダメ+20%,5,10,範囲
SK_A4,スキル,地鳴り,守り,5秒ごとに自分を中心に衝撃波（半径3・ダメ10・2マス押し返す）。レベルごとにダメ+30%,5,10,範囲
SK_A5,スキル,毒の霧,毒,6秒ごとに敵の群れへ大きな毒雲（半径2.5・6秒・毎秒5）。レベルごとに半径+0.3・ダメ+1,5,10,範囲
SK_A6,スキル,雷雲,雷,頭の上の雲が1秒ごとに近くの敵へ雷（ダメ9）。Lv3とLv5で同時に落ちる数+1・ダメ+15%,5,10,範囲
SK_M1,スキル,小さな騎士,守り,剣の騎士1体（HP60・1秒ごとにダメ8）。倒れても10秒で戻る。レベルごとに攻撃+20%・Lv5で2体。召喚の魔法使いは最初から持つ,5,10,召喚
SK_M2,スキル,骨の弓兵,速さ,矢を撃つ骸骨1体（0.8秒ごとにダメ6・射程6）。Lv3とLv5で体数+1,5,10,召喚
SK_M3,スキル,火の精霊,炎,4秒ごとに精霊が敵へ飛んで爆発（半径1.2・ダメ20）。レベルごとに同時に出る数+1,5,10,召喚
SK_M4,スキル,氷のゴーレム,氷,敵を引きつける石像（HP150）・まわりを30%遅くする。レベルごとにHP+50・Lv5で凍らせる,5,10,召喚
SK_M5,スキル,雷の鳥,雷,飛びまわって2秒ごとに雷（連鎖3・ダメ8）。レベルごとに連鎖+1・ダメ+15%,5,10,召喚
SK_M6,スキル,ちびスライム隊,ペット,ペットの分身3匹（体当たりダメ4）。ペットの宝石効果を半分受け継ぐ。レベルごとに数+1,5,10,召喚
CH1,変化,燃える刃,炎,ふつうの攻撃が燃やす（3秒・毎秒 攻撃の15%）。レベルごとに+5%,3,6,
CH2,変化,凍る刃,氷,ふつうの攻撃が2秒25%遅くする。Lv3で10%の確率で凍る,3,6,
CH3,変化,帯電,雷,ふつうの攻撃が20%で小さな連鎖（2体）。レベルごとに+10%,3,6,
CH4,変化,毒ぬり,毒,ふつうの攻撃に毒（4秒・毎秒3）。レベルごとに+2,3,6,
CH5,変化,分かれる刃,広がり,弓と杖は弾・連鎖+1／剣は範囲+20%,3,5,
CH6,変化,つらぬく一撃,会心,会心の一撃がうしろの敵にも当たる,1,4,
CH7,変化,ためこみ,ため,ため攻撃のダメージ+30%・ため中に受けるダメージ-30%,3,5,
CH8,変化,吸血の刃,吸血,会心のとき与えたダメージの5%回復,3,5,
EV1,変化,【進化・初版】太陽の輪,炎,条件：炎の輪Lv5＋燃える刃。火の玉6個・燃やすダメージ2倍,1,30（条件を満たしたときだけ）,共通
EV2,変化,【進化・初版】星くずの雨,速さ,条件：魔力の矢Lv5＋疾風の指輪。矢が画面中に降る,1,30（条件を満たしたときだけ）,連射
EV3,変化,【進化・あとで】大噴火,広がり,条件：隕石Lv5＋大きな手。3連続で爆発,1,30（条件を満たしたときだけ）,範囲
EV4,変化,【進化・あとで】騎士団,守り,条件：小さな騎士Lv5＋命の実。騎士4体・盾つき,1,30（条件を満たしたときだけ）,召喚
PT1,ペット,強い体当たり,ペット,ペットの攻撃+20%,5,10,
PT2,ペット,ぷるぷるジャンプ,ペット,4秒ごとに跳ねて着地で範囲ダメージ（半径1.5・ダメ12）,3,8,
PT3,ペット,消化液,毒,1.5秒ごとに酸の弾を撃つ（ダメ5・遅くする）,3,8,
PT4,ペット,くいしんぼう,ペット,拾う速さ+30%・食べた武器のおまけ効果+20%,3,6,
PT5,ペット,かばう,守り,近くの敵の弾を25%の確率で受け止める,3,6,
PT6,ペット,ぷにぷに回復,守り,気絶時間-25%・ペットのそばでHPが毎秒0.5回復,2,6,
PT7,ペット,なかよしの力,幸運,ペットが倒した敵の魂+50%,2,4,
PT8,ペット,ひっつき,ペット,体当たりした敵を1秒止める,2,6,
