区分,id,名前,費用,効果,メモ
お金,SOUL,魂のかけら,—,手に入る：敵（敵の表の値）・場所クリアで+5・ボスで+50・危険度の倍率がかかる・死んでも全部残る,使い道：鍛冶屋の枝
お金,COIN,コイン,—,手に入る：作物を売る・1回の挑戦で「たどり着いた場所×10＋ボス30」・宝箱,使い道：商店・宝石の合成・畑と倉庫を広げる
枝,BS_C1,共通：丈夫な体,15/30/60/100/150,最大HP+10ずつ,
枝,BS_C2,共通：引き直し,30/80/160,カードの引き直し+1ずつ,3段まで
枝,BS_C3,共通：目利き,15/30/60/100/150,武器がレア以上になる確率+2%ずつ,
枝,BS_R1,連射：速射,20/50/100/180/300,連射スキルの間隔-3%ずつ・5段目で魔力の矢+1本,
枝,BS_R2,連射：会心,20/50/100/180/300,会心率+2%ずつ・5段目で会心ダメージ+25%,
枝,BS_R3,連射：身のこなし,20/50/100/180/300,移動+3%ずつ・5段目でダッシュが2回続けて使える,
枝,BS_A1,範囲：大きさ,20/50/100/180/300,範囲+4%ずつ・5段目で最初の火柱がLv2,
枝,BS_A2,範囲：属性,20/50/100/180/300,燃える・凍る・毒・連鎖の効果+8%ずつ・5段目で燃える火がとなりの敵へうつる,
枝,BS_A3,範囲：守り,20/50/100/180/300,最大HP+8ずつ・5段目で攻撃を受けると衝撃波（10秒に1回）,
枝,BS_M1,召喚：群れ,20/50/100/180/300,味方の攻撃+6%ずつ・5段目で呼べる数+1,
枝,BS_M2,召喚：ペット,20/50/100/180/300,ペットの攻撃+8%ずつ・5段目で挑戦のはじめに成長点+3,
枝,BS_M3,召喚：運,20/50/100/180/300,ドロップ率+4%ずつ・5段目で場所ごとにひろい屋+1,
枝,RESET,枝の振り直し,0,いつでも無料,
商店,SH_SEED_T,トマトの種,2,畑に植える,
商店,SH_SEED_C,にんじんの種,8,畑に植える,
商店,SH_SEED_P,かぼちゃの種,25,畑に植える,
商店,SH_SEED_S,いちごの種,5,畑に植える,
商店,SH_SEED_J,じゃがいもの種,6,畑に植える,
商店,SH_SEED_M,とうもろこしの種,12,畑に植える,
商店,SH_SEED_X,星の実の種,50,畑に植える,森のボスを倒すと買える
商店,SH_SEED_L,月光草の種,100,畑に植える,洞窟のボスを倒すと買える
商店,SH_POTION,薬びん,15,戦闘中に1回だけHP50%回復,2本まで持っていける
商店,SH_POT,料理なべ,80,料理が作れるようになる,1回だけ買う
商店,SH_PLOT,畑を広げる,150/300/600,畑が3マスから6マスへ,
商店,SH_STORE,倉庫を広げる,100/250/500,武器20本から10本ずつ・最大50本,
商店,SH_DECOR,ホームの飾り,30〜200,見た目だけ,
畑,CROP_T,トマト,種2,育つ時間5分・売ると5コイン・ペットにあげるとなかよし+1,試作は60秒
畑,CROP_C,にんじん,種8,育つ時間30分・売ると20コイン・なかよし+2＋次の挑戦でペットの移動+15%,
畑,CROP_P,かぼちゃ,種25,育つ時間2時間・売ると60コイン・なかよし+4＋次の挑戦でペットの攻撃+15%,
畑,CROP_S,いちご,種5,育つ時間10分・売ると10コイン・なかよし+1＋次の挑戦で拾う範囲+20%,
畑,CROP_J,じゃがいも,種6,育つ時間20分・売ると15コイン・なかよし+1・料理の材料,
畑,CROP_M,とうもろこし,種12,育つ時間45分・売ると30コイン・なかよし+2＋次の挑戦でため時間-8%,
畑,CROP_X,星の実,種50,育つ時間4時間・売ると120コイン・なかよし+6＋次の挑戦でスキルの攻撃+10%,森のボスを倒すと種が買える
畑,CROP_L,月光草,種100,育つ時間8時間・売ると200コイン・なかよし+8＋次の挑戦で宝石ドロップ+15%,洞窟のボスを倒すと種が買える
料理,COOK_1,トマトスープ,トマト3,その回だけ最大HP+20,持っていけるのは1つ
料理,COOK_2,にんじん炒め,にんじん2＋トマト1,その回だけ移動+10%,
料理,COOK_3,かぼちゃパイ,かぼちゃ1＋トマト2,その回だけ経験値+15%,
料理,COOK_4,いちごタルト,いちご3,その回だけ拾う範囲+30%,
料理,COOK_5,コーンスープ,とうもろこし2,その回だけため時間-10%,
料理,COOK_6,ポテトの煮込み,じゃがいも2＋にんじん1,その回だけダッシュの待ち時間-15%,
料理,COOK_7,星のシチュー,星の実1＋かぼちゃ1,その回だけスキルの攻撃+10%,
料理,COOK_8,月光茶,月光草1,その回だけペットの気絶時間-30%・宝石ドロップ+10%,
広告,AD_REVIVE,死んだとき復活,広告を見るかどうか選べる,HP50%で復活,1回の挑戦で1回
広告,AD_DOUBLE,出口の報酬2倍,広告を見るかどうか選べる,出口の報酬が2倍,
