id,名前,地域,役割,体力,速さ,接触ダメージ,遠距離ダメージ,魂ドロップ,武器ドロップ率,宝石ドロップ率,メモ（特殊行動）
F01,スライム,森,群れ,10,1.6,5,0,0.2,0.5%,0.2%,経験値1。まっすぐ寄る。場所1の45秒目に15匹で輪になって囲む
F02,コウモリ,森,速い,6,3.2,4,0,0.2,0.5%,0.2%,経験値1。0.5秒ごとに向きを±40度変えるジグザグ飛び。障害物を無視
F03,ゴブリン弓兵,森,遠距離,14,1.4,3,6,0.4,1.5%,0.5%,経験値2。4〜6マスの距離を保つ。2.2秒ごとに矢（弾速5）。撃つ0.5秒前に赤い線で予告。場所2から
F04,毒キノコ,森,毒の胞子,20,0.6,6,毎0.5秒3,0.5,1.5%,0.5%,経験値3。4秒ごとに止まって胞子（半径1.5の毒雲が3秒残る）。倒れると小さな毒雲。場所3から
F05,ひろい屋コボルト,森,ひろい屋,30,2.2（武器を持つと3.0）,4,0,3（確定）,取られた武器を100%返す,10%,経験値5。場所2から同時1体まで。床に武器が落ちると3秒以内に画面の端から出る。先に着いたほうが拾う。拾うと体力×(1+0.5×レア段階)・攻撃×1.3で逃げる。30秒逃げ切ると消えて武器は失う。倒すとレア度+1で返す。何も持っていなければ30%で武器を落とす
FB,スライム王,森,ボス,4000,1.2（突進は8）,15,弾8・突進20,50,100%（レア以上）,100%,体力100〜70%＝突進（0.8秒前に赤く光る）／70〜40%＝突進＋弾12発を輪に撃つ／40%以下＝分裂（小さな王2体・体力各400）＋スライムを呼ぶ。ペットが震える演出あり・ボス戦中はペットの攻撃+20%
C01,スケルトン,洞窟,盾,40,1.5,8,0,0.5,1.5%,0.5%,経験値3。正面からの攻撃を70%へらす（横と背中は通常・燃える毒などの持続ダメージは減らない）
C02,岩ゴーレム,洞窟,硬い,120,0.8,14,0,1.2,3%,1.5%,経験値8。はね返しが85%きかない。倒れると小さな岩の衝撃（半径1・ダメ8）。場所2から
C03,光る虫,洞窟,爆発,8,2.8,0,0,0.3,0.5%,0.2%,経験値2。近づくと0.6秒光って自爆（半径1.5・ダメ18）。自爆したときは経験値も魂も出ない。遠くで倒せば安全
C04,コウモリの大群,洞窟,群れ・速い,10,3.6,6,0,0.3,0.5%,0.2%,経験値1。12匹まとまって出て一直線に突っこむ。プレイヤーを6マス通りすぎたら、ねらいなおす
C05,ゴブリン盗賊,洞窟,ひろい屋,70,2.6（武器を持つと3.4）,7,0,5（確定）,取られた武器を100%返す,10%,経験値8。場所2から同時1体まで。コボルトと同じ決まり。拾うと体力×(1+0.5×レア段階)
CB,岩の巨人,洞窟,ボス,9000,0.9（突進は7）,25,落石12・衝撃15,120,100%（レア以上）,100%,体力100〜70%＝地ならし（半径3・0.9秒前に光る）か突進／70〜40%＝さらに落石（6か所に赤い丸の予告・1秒後）＋岩ゴーレム2体／40%以下＝速さ×1.5＋5秒ごとに全周の衝撃波（半径5）。倒すと月光草の種が買える
S01,カエル,沼,引っぱる,,,,,,,,舌でプレイヤーを引き寄せる
S02,毒くらげ,沼,ガス,,,,,,,,毒ガスをまく
S03,沼の亡霊,沼,すり抜け,,,,,,,,壁と攻撃の一部をすり抜ける
S04,カエルの商人,沼,ひろい屋,,,,,,,,コボルトと同じ決まり
SB,沼の主（大きな蛙）,沼,ボス,,,,,,,,
