id,名前,種類,効果,Lv1,Lv2,Lv3,Lv4,Lv5,初版,相性
G_FIRE,炎,属性,当たると燃やす（3秒・毎秒 攻撃の○%）,15%,20%,25%,30%,40%,○,範囲
G_ICE,氷,属性,2秒30%遅くする＋○%で1秒凍る,3%,5%,7%,9%,12%,○,
G_THUNDER,雷,属性,○%で小さな連鎖（2体・攻撃の50%）,15%,20%,25%,30%,40%,○,
G_POISON,毒,属性,○%で毒だまり（半径1・3秒・毎秒 攻撃の15%）,10%,14%,18%,23%,30%,,
G_VAMP,吸血,強化,与えたダメージの○%回復（毎秒 最大HPの2%まで）,1.0%,1.5%,2.0%,2.5%,3.0%,○,
G_SPEED,速さ,強化,攻撃間隔を短く,-5%,-8%,-11%,-14%,-18%,○,連射
G_CRIT,会心,強化,会心率アップ,+4%,+6%,+8%,+10%,+13%,○,連射
G_WIDE,広がり,強化,範囲と射程アップ,+8%,+12%,+16%,+20%,+25%,,範囲
G_GLUTTON,食いしん坊,特殊,ペットの拾う速さ／宝石効果の受け継ぎ,+20%/20%,+30%/25%,+40%/30%,+50%/35%,+60%/40%,○,召喚
G_MAGNET,磁石,特殊,拾う範囲アップ,+30%,+45%,+60%,+75%,+100%,,
G_LUCK,幸運,特殊,武器と宝石のドロップ率アップ,+10%,+15%,+20%,+25%,+30%,,召喚
G_CHARGE,ため,特殊,ため時間を短く,-8%,-12%,-16%,-20%,-25%,○,
FUSE,合成に必要な個数,鍛冶屋,同じ宝石の同じLvを2個で次のLv,—,Lv1×2,Lv2×2,Lv3×2,Lv4×2,,Lv5はLv1が16個ぶん
FUSE_COST,合成の費用（コイン）,鍛冶屋,,—,20,50,100,200,,
SAME,同じ宝石を2つはめたとき,決まり,2つ目は効果が半分,,,,,,,
