区分,段階,条件,大きさ,技,見た目,メモ
その回の成長,ちび,成長点0,1.0,体当たり（1.2秒ごとにダメ5・届く距離0.8）,まるいスライム,HP40
その回の成長,こども,成長点3,1.2,体当たりのダメ8,目が大きくなる・食べた武器の色が体にまざる,HP55
その回の成長,おとな,成長点8,1.4,体当たりのダメ11＋ジャンプ（4秒ごと・半径1.2）,食べた武器が体の中に透けて見える,HP70
その回の成長,進化,成長点15,1.6,下の3つに分かれる,分かれ道ごとに変わる,HP90
進化,剣スライム,食べた武器で剣がいちばん多い,1.6,刃がまわる（半径1.5・0.5秒ごとにダメ10）,背中に刃のとさか,同じ数ならプレイヤーが今持っている武器の種類
進化,魔導スライム,食べた武器で杖がいちばん多い,1.6,雷の連鎖（2秒ごと・3体・ダメ12）,頭に宝石の冠・ぱちぱち光る,
進化,弓スライム,食べた武器で弓がいちばん多い,1.6,粘液の弾を連射（0.6秒ごとにダメ7・射程6）,口が筒の形になる,
成長点,食べる,コモン1・レア2・エピック3・レジェンド5・ペットカード1枚につき1,,,,
受け継ぎ,おまけ効果,武器を食べるとおまけ効果を1つ受け継ぐ,,,,効果は半分・最大3つ・古いものから入れかわる
食べさせ方,決定,ペットは落ちた武器へ自動で向かう（2.5マス/秒）。今の武器より弱いものは食べて消え、強いものは倉庫へ送る（残る）,,,,「強い・弱い」はdmg÷間隔とおまけ効果の数で比べる
気絶,気絶,HPが0になる,,,,8秒動けない・敵にねらわれない・いなくならない。ぷにぷに回復で6秒
ボス,スライム王の前,森のボス戦,,,ふるえる,ボス戦のあいだ攻撃+20%
なかよし（ずっと残る）,Lv1,なかよし1点,,,ハートが出る,ホームで食べ物をあげて上げる
なかよし（ずっと残る）,Lv3,3点,,,名前札・しぐさが増える,
なかよし（ずっと残る）,Lv5,5点,+10%,,赤いリボン,試作と同じ
なかよし（ずっと残る）,Lv7,15点,,,,挑戦のはじめに成長点+1
なかよし（ずっと残る）,Lv10,40点,+20%,,金のリボン,挑戦のはじめに成長点+2
