区分,項目,値,メモ
基本,1マス,Unityの1ユニット,戦士の高さは約1.2マス。縦持ちで縦に約18マス見える
プレイヤー,HP,100,
プレイヤー,移動速度,3.5マス/秒,
プレイヤー,拾う範囲,1.5マス,
プレイヤー,攻撃を受けたあとの無敵,0.6秒,
プレイヤー,ダッシュ,0.15秒で3マス・無敵0.25秒・待ち時間2.0秒,
プレイヤー,ため時間,3.0秒,指を置いて動いている間だけたまる。満タンで離すと出る。途中で離しても減らない
プレイヤー,ため攻撃のあと,0.3秒動けない・次のためまで1.0秒,止まる危険とつり合わせる
プレイヤー,会心,確率5%・ダメージ×1.5,
プレイヤー,持ちこみ,武器1本（仮）・宝石2個・料理1つ・薬びん2本,
進行,場所1,75秒か30体の早いほう・出口2つ,敵は同時に25体まで・1.0秒ごとに出る・強さ×1.0・スライム8割：コウモリ2割
進行,場所2,90秒か40体・出口2つ,同時35体・0.8秒ごと・強さ×1.25・弓兵とコボルトが出はじめる
進行,場所3,90秒か50体・出口3つ,同時50体・0.65秒ごと・強さ×1.55・毒キノコが出はじめる・エリート1体
進行,場所4,100秒か60体・出口3つ,同時65体・0.55秒ごと・強さ×1.9・エリート2体
進行,場所5,100秒か70体・出口2つ（1つはボス）,同時80体・0.45秒ごと・強さ×2.3・エリート2体
進行,ボス,約90秒,スライム王。体力にかかるのは危険度の倍率だけ
進行,同じ場所の中での増え方,30秒ごとに出る間隔-10%・強さ+5%,出口が出たあとは増えない
進行,敵の攻撃,場所が1つ進むごとに+10%,「強さ」は体力の倍率
進行,エリート,体力×6・大きさ×1.5・魂×5・宝石5%,
進行,回復の肉,敵の1%が落とす・HP15回復,
出口,行き先の種類,休憩（HP40%回復）／宝箱（武器1本・40%でレア以上）／商人（コインで薬びん・カード）／鍛錬（カードを1枚多く選べる）／ボス,出口の上にしるしを出す
カード,3枚の選び方,1枚ごとに強化45・スキル30・変化25の割合で種類を決める,スキルが4つそろったら、持っているスキルのレベル上げだけ出る
カード,スキルの出方,専用60%・共通40%,
カード,ペット枠,35%で3枚のうち1枚をペットカードにする,スキルの上限4つには数えない
カード,引き直し,1回の挑戦で1回,鍛冶屋の枝と広告で増える
経験値,Lv1→2,5,累計5
経験値,Lv2→3,8,累計13
経験値,Lv3→4,11,累計24
経験値,Lv4→5,15,累計39（場所1の終わりでLv5くらい）
経験値,Lv5→6,19,累計58
経験値,Lv6→7,24,累計82
経験値,Lv7→8,29,累計111（場所2の終わりでLv8くらい）
経験値,Lv8→9,35,累計146
経験値,Lv9→10,41,累計187（場所3の終わりでLv10くらい）
経験値,Lv10→11,48,累計235
経験値,Lv11→12,55,累計290（場所4の終わりでLv11〜12）
経験値,Lv12→13,63,累計353
経験値,Lv13→14,71,累計424（ボスの前でLv13〜14）
経験値,Lv14→15,80,累計504
経験値,Lv15→16,89,累計593
経験値,Lv16→17,99,累計692
経験値,Lv17→18,109,累計801
経験値,Lv18→19,120,累計921
経験値,Lv19→20,131,累計1052
経験値,Lv20,いちばん上,このあとの経験値はコインに変わる（10ごとに1）
危険度,ふつう,魂×1.0,敵の体力×1.0・攻撃×1.0
危険度,むずかしい,魂×1.5,敵の体力×1.4・攻撃×1.25・レア以上+3%。ふつうでボスを倒すと選べる
危険度,とても危険,魂×2.2,敵の体力×2.0・攻撃×1.6・エリート+1・レア以上+6%。むずかしいでボスを倒すと選べる
