区分,id,名前,ダメージ,攻撃間隔(秒),射程/範囲(マス),ため攻撃,ため倍率,ドロップ確率,おまけ効果の数,メモ
武器,W_SWORD,剣,10,1.0,半径1.6（自分のまわり全部）,大回転斬り：半径3.2を2回転・強くはね返す,×5,,,近くをぐるっと切る。はね返し0.8マス
武器,W_BOW,弓,8,0.8,7（まっすぐ）,つらぬく矢の扇：5本・何体でもつらぬく,1本ごとに×4,,,一番近い敵をねらう。3体までつらぬく。弾速12
武器,W_STAFF,杖,9,1.4,最初の敵まで5・飛びうつり2.5,雷の嵐：12回連鎖＋1秒しびれ,×3.5,,,稲妻の連鎖。3回飛びうつる（1回ごとに-15%）
レア度,R1,コモン,×1.00,,,,,70%,0,
レア度,R2,レア,×1.25,,,,,22%,1,
レア度,R3,エピック,×1.60,,,,,7%,2,
レア度,R4,レジェンド,×2.20,,,,,1%,3,ため倍率も+1
ゆらぎ,RND,数値のゆらぎ,±10%,±5%,,,,,,拾うたびにランダム
穴,SOCKET,宝石の穴,,,,,,,,どのレア度も2つ固定。つけかえ自由。武器を取られても宝石は最後に宝石箱へ戻る
おまけ,AFX_ATK,攻撃,,,,,,,,+8〜25%
おまけ,AFX_SPD,速さ,,,,,,,,攻撃間隔-5〜15%
おまけ,AFX_CRIT,会心,,,,,,,,会心率+5〜15%
おまけ,AFX_VAMP,吸血,,,,,,,,与えたダメージの0.5〜1.5%回復
おまけ,AFX_WIDE,広がり,,,,,,,,範囲+5〜15%
おまけ,AFX_CHG,ため,,,,,,,,ため時間-5〜12%
保管,STORE,倉庫,,,,,,,,拾った武器は死んでも倉庫に残る。持っていく本数は1本（決定）
